rsid	tf	alleic_ratio	snp	or	model
rs2857694_A_T	ATF2	-1.47460314462558	chr6_31587870_A_T	-0.11186448550986705	PBS
rs34255979_C_T	ATF2	0.264413918107896	chr19_46384830_C_T	-0.3004276775149757	PBS
rs386569_G_A	ATF2	0.507395631682379	chr19_45787046_G_A	0.6020599913279624	PBS
rs6911024_T_C	ATF2	-7.39496495653339	chr6_31368451_T_C	-0.6863808770279982	PBS
rs6928195_C_T	ATF2	9.79334763409647	chr6_39485720_C_T	0.8044801891059927	PBS
rs13428381_A_G	FOXA1	0.488263756283686	chr2_43438022_A_G	-0.8159398112730434	PBS
rs1892460_A_C	FOXA1	0.169507997965512	chr6_6804795_A_C	0.4700264379550619	PBS
rs2118849_G_T	FOXA1	-1.22529156636937	chr15_90302399_G_T	0.6320232147054056	PBS
rs62204503_A_T	FOXA1	2.72761275228652	chr20_42794432_A_T	0.43761271343598884	PBS
rs746401_G_A	FOXA1	1.29687393483195	chr19_46498827_G_A	-0.7014446234638743	PBS
rs76216690_G_A	FOXA1	1.14490080016131	chr16_53584552_G_A	-0.49851939942089285	PBS
rs1010241_C_A	FOXA2	1.17750337475324	chr2_135154312_C_A	0.3825651471050834	PBS
rs1013495_C_T	FOXA2	-0.706729492098345	chr10_81140253_C_T	0.15948737789299883	PBS
rs10158797_G_T	FOXA2	0.180802941454293	chr1_120239681_G_T	-0.2589317141167474	PBS
rs10495900_T_A	FOXA2	1.6972235723782	chr2_43617159_T_A	0.16731437231297355	PBS
rs11198811_G_C	FOXA2	-0.446694418025485	chr10_120937283_G_C	-0.146128035678238	PBS
rs11257557_A_G	FOXA2	1.10971295651654	chr10_12177814_A_G	0.7155391057692116	PBS
rs116134328_T_G	FOXA2	3.63856633059188	chr10_114499500_T_G	-0.4468165377276879	PBS
rs11673940_G_A	FOXA2	-0.771478212763235	chr2_43427044_G_A	-0.396386180603416	PBS
rs12330875_C_T	FOXA2	-6.36135486346884	chr3_186285986_C_T	-0.6910010746647435	PBS
rs12692301_A_G	FOXA2	1.51889640073628	chr2_6336699_A_G	-0.46620484023056397	PBS
rs1541682_C_T	FOXA2	5.89493620192284	chr5_53304401_C_T	-0.1584040533644237	PBS
rs17217144_C_T	FOXA2	-4.71592359463623	chr16_53790762_C_T	-0.4263968195241957	PBS
rs2064218_C_A	FOXA2	-2.45680449000089	chr6_7577354_C_A	0.7596678446896306	PBS
rs2178442_C_T	FOXA2	-1.48753126817879	chr4_1284741_C_T	0.6249692707921743	PBS
rs2442741_T_C	FOXA2	-2.00104858795779	chr6_31346079_T_C	-0.46943442605337143	PBS
rs2843019_C_T	FOXA2	-0.597722345005324	chr1_120309158_C_T	0.27567588688282363	PBS
rs28817653_G_A	FOXA2	-0.158734299824608	chr8_95570050_G_A	0.6766936096248666	PBS
rs3094218_C_A	FOXA2	-0.855731921632478	chr6_31083497_C_A	0.5097903714730305	PBS
rs3095245_T_C	FOXA2	-2.22227527217076	chr6_31213902_T_C	0.1261434377466706	PBS
rs376208_A_T	FOXA2	0.261034433007349	chr9_4657864_A_T	0.3615545687175075	PBS
rs3776702_G_A	FOXA2	-10.70045688371	chr5_53305419_G_A	-0.5705755948299863	PBS
rs3776703_T_C	FOXA2	-0.810123930578263	chr5_53305259_T_C	-0.6812412373755872	PBS
rs378809_G_C	FOXA2	0.589856441792708	chr9_4657863_G_C	0.3591215400465083	PBS
rs3790696_A_G	FOXA2	2.22361597298632	chr1_120309148_A_G	-0.30797885561930893	PBS
rs4148206_A_T	FOXA2	-2.2027005084856	chr2_44069781_A_T	-1.5468386724514693	PBS
rs4714248_G_A	FOXA2	0.58353044266018	chr6_39346137_G_A	-0.31439395722196273	PBS
rs62135119_T_C	FOXA2	0.231222558346977	chr2_44212831_T_C	0.5314789170422551	PBS
rs6921948_A_C	FOXA2	6.74067277421131	chr6_31171257_A_C	0.7064194919916282	PBS
rs780094_T_C	FOXA2	0.899463441907734	chr2_27741237_T_C	-0.3657553253006363	PBS
rs9379122_T_C	FOXA2	-1.25945528523245	chr6_7641131_T_C	0.3301882244051947	PBS
rs10865196_G_A	HLF	1.45541542711961	chr2_44189630_G_A	0.47712125471966244	PBS
rs11065215_A_C	HLF	1.38233033510616	chr12_121130346_A_C	0.41642341436605074	PBS
rs11715840_G_A	HLF	0.156770750201026	chr3_185054983_G_A	-0.4812613669299469	PBS
rs13259182_C_T	HLF	2.33317045021104	chr8_96239947_C_T	0.7668702399739546	PBS
rs1647267_A_T	HLF	-0.555191413461142	chr2_27651054_A_T	-0.41877463685096683	PBS
rs1978881_C_A	HLF	-0.75721778838763	chr2_27400850_C_A	0.5765058868555742	PBS
rs2268532_A_T	HLF	2.85049208315571	chr3_186757995_A_T	0.8765824365122328	PBS
rs2283624_T_G	HLF	-0.343548780395345	chr19_19283180_T_G	0.1713375678938007	PBS
rs2398729_G_A	HLF	-1.40108097620559	chr7_130742671_G_A	0.3128081950025035	PBS
rs2878539_C_T	HLF	0.537306120257334	chr4_1243877_C_T	0.32389287862348537	PBS
rs3019279_G_C	HLF	-1.18884337905628	chr8_95447905_G_C	0.5454146949855476	PBS
rs340877_G_A	HLF	0.292045467947838	chr1_214157246_G_A	0.6247239759639062	PBS
rs34255979_C_T	HLF	0.953777738277885	chr19_46384830_C_T	0.5662410233014671	PBS
rs34708625_T_C	HLF	-1.5806087604757	chr12_121180019_T_C	-0.6416306412255285	PBS
rs376208_A_T	HLF	-0.17936019786764	chr9_4657864_A_T	-0.31439395722196273	PBS
rs378809_G_C	HLF	-2.27413656396828	chr9_4657863_G_C	-0.31439395722196273	PBS
rs3790696_A_G	HLF	1.90522098023313	chr1_120309148_A_G	-0.5219423329744359	PBS
rs3792010_G_A	HLF	4.35622283172129	chr2_44035568_G_A	0.20999592282135632	PBS
rs3852054_T_C	HLF	5.46873729272362	chr3_187036754_T_C	1.0259357340943998	PBS
rs431901_T_C	HLF	1.58691175695307	chr9_4657840_T_C	-0.32818224170759597	PBS
rs6031544_C_T	HLF	0.165231769497339	chr20_42982347_C_T	0.5772364076029304	PBS
rs62135119_T_C	HLF	1.87315013336412	chr2_44212831_T_C	-0.40642811889755653	PBS
rs6708138_G_T	HLF	1.64429798475954	chr2_43862058_G_T	0.19613010849418683	PBS
rs6712163_C_T	HLF	2.33931337035243	chr2_43501970_C_T	-0.8325089127062363	PBS
rs6747202_T_A	HLF	-1.7380874581077	chr2_43647567_T_A	-0.3805475999175791	PBS
rs6757297_G_C	HLF	0.291259940862209	chr2_227342038_G_C	0.6434526764861874	PBS
rs6782350_G_A	HLF	-1.97836394312072	chr3_185035669_G_A	-0.3444956894450715	PBS
rs6911024_T_C	HLF	-1.16052783094766	chr6_31368451_T_C	0.3602356215365409	PBS
rs73293897_A_G	HLF	-1.06725901861834	chr17_36000295_A_G	0.2441251443275086	PBS
rs7586601_A_G	HLF	-1.45587953923741	chr2_27584666_A_G	0.7518223116612945	PBS
rs766270_G_C	HLF	-0.814495558942277	chr2_135666926_G_C	-0.42488163663106693	PBS
rs7803075_A_G	HLF	-0.143270879165905	chr7_130742066_A_G	-0.4096086090065182	PBS
rs7923254_G_C	HLF	-1.68378828335244	chr10_114476813_G_C	-0.599337132992489	PBS
rs832554_A_G	HLF	-1.72373705127801	chr5_56115036_A_G	-0.8450980400142569	PBS
rs9505048_A_G	HLF	-5.44830189015127	chr6_7146825_A_G	-0.42845753267597597	PBS
rs9505057_T_G	HLF	11.9206827089132	chr6_7171407_T_G	0.7037688872177875	PBS
rs9990226_T_A	HLF	-2.05307986079897	chr3_187902421_T_A	-0.524117817395886	PBS
rs11936407_T_C	MAFG	3.77958244573764	chr4_987276_T_C	0.380495258537119	PBS
rs4689042_C_G	MAFG	-10.8298022281668	chr4_6734296_C_G	-0.6879746200345556	PBS
rs1079047_G_A	YBX1	-4.55383409122033	chr10_71224897_G_A	-0.7323937598229685	PBS
rs11966314_G_A	YBX1	2.15250604276665	chr6_6957349_G_A	0.6020599913279624	PBS
rs1818599_G_A	YBX1	0.810718363792529	chr3_187755019_G_A	0.5228787452803376	PBS
rs192249_C_G	YBX1	-0.255029629762508	chr5_56197514_C_G	0.6741464206109866	PBS
rs2358158_T_C	YBX1	-0.0252618570011099	chr7_15054063_T_C	0.6734158998636307	PBS
rs266720_C_A	YBX1	-0.616525810514484	chr3_186501502_C_A	0.6989700043360189	PBS
rs28362363_G_C	YBX1	-2.00400875128663	chr6_31170119_G_C	-0.4936903561528554	PBS
rs3132558_C_G	YBX1	-2.81141013821986	chr6_31105466_C_G	0.5118833609788744	PBS
rs60250573_T_A	YBX1	-0.487471211294972	chr3_122784045_T_A	-0.7269987279362623	PBS
rs6073353_C_A	YBX1	0.104063836944657	chr20_42794136_C_A	-0.6020599913279624	PBS
rs7965129_A_G	YBX1	2.27428680676197	chr12_121735407_A_G	0.5351132016973491	PBS
rs9349116_T_C	YBX1	-1.90034868790806	chr6_39333977_T_C	-0.7725473728656451	PBS
rs12145345_C_T	ATF2	0	chr1_213660020_C_T	-0.30299958852688563	PWM
rs6708879_A_C	ATF2	5.28187	chr2_226980411_A_C	-0.6100289209992378	PWM
rs2077119_T_G	ATF2	-0.104247	chr3_186330462_T_G	-0.7323937598229685	PWM
rs3778327_T_C	ATF2	-4.51668	chr6_7304160_T_C	-0.4704906758206493	PWM
rs6911024_T_C	ATF2	-2.02313	chr6_31368451_T_C	-0.6863808770279982	PWM
rs2857694_A_T	ATF2	0.143889	chr6_31587870_A_T	-0.11186448550986705	PWM
rs6928195_C_T	ATF2	3.02314	chr6_39485720_C_T	0.8044801891059927	PWM
rs12857_T_G	ATF2	1.11311	chr12_120933946_T_G	0.4501635414819445	PWM
rs1122227_C_T	ATF2	-1.85887	chr2_27544285_C_T	-0.5604584605384451	PWM
rs12617964_A_T	ATF2	-4.60577	chr2_43421344_A_T	0.5299937575613175	PWM
rs10198241_T_C	ATF2	-0.701024	chr2_226980376_T_C	-0.6100289209992378	PWM
rs60066572_T_A	ATF2	-3.93216	chr6_7292674_T_A	0.5740312677277188	PWM
rs111962068_A_G	ATF2	-1.99661	chr16_75019111_A_G	0.48226089437207353	PWM
rs2843019_C_T	FOXA1	3.0354	chr1_120309158_C_T	0.7928917407704285	PWM
rs1275530_A_G	FOXA1	12.3879	chr2_27432547_A_G	-0.539912084579118	PWM
rs921069_A_G	FOXA1	3.18742	chr2_43206922_A_G	0.4208077864417363	PWM
rs3067_T_C	FOXA1	-6.34471	chr2_165791732_T_C	-0.38278866459941674	PWM
rs2178442_C_T	FOXA1	-5.24331	chr4_1284741_C_T	0.8450980400142568	PWM
rs7452992_C_A	FOXA1	-9.10298	chr6_7292141_C_A	-0.8040317693636211	PWM
rs2237102_A_G	FOXA1	-3.04395	chr6_7552145_A_G	0.6419315033656546	PWM
rs2237104_G_T	FOXA1	1.20019	chr6_7552172_G_T	0.6467303862474234	PWM
rs148204579_T_C	FOXA1	-1.93851	chr6_21070940_T_C	-0.7558748556724914	PWM
rs6921948_A_C	FOXA1	14.3462	chr6_31171257_A_C	0.6342446746993636	PWM
rs6103805_A_T	FOXA1	3.73542	chr20_43283691_A_T	0.6532125137753437	PWM
rs6544624_G_A	FOXA1	-3.10058	chr2_43213996_G_A	-0.9128498242810998	PWM
rs3095245_T_C	FOXA1	2.10929	chr6_31213902_T_C	0.6074550232146685	PWM
rs77596332_T_G	FOXA1	-3.38113	chr15_90546687_T_G	-0.617000341120899	PWM
rs1541682_C_T	FOXA1	0	chr5_53304401_C_T	0.28443073384451945	PWM
rs1317392_C_T	FOXA1	-0.234126	chr6_6804900_C_T	0.46239799789895614	PWM
rs1213134_G_A	FOXA1	0.23006	chr10_114571831_G_A	-0.35139717525376923	PWM
rs2118849_G_T	FOXA1	-8.01268	chr15_90302399_G_T	0.6320232147054056	PWM
rs780094_T_C	FOXA2	3.2492	chr2_27741237_T_C	-0.3657553253006363	PWM
rs10495900_T_A	FOXA2	0.269616	chr2_43617159_T_A	0.16731437231297355	PWM
rs4148204_C_T	FOXA2	-4.9705	chr2_44069517_C_T	-1.314745698135256	PWM
rs62135118_G_T	FOXA2	-7.34756	chr2_44212361_G_T	0.7567531056824133	PWM
rs1561455_G_A	FOXA2	-0.231791	chr2_135154441_G_A	0.4354563699399267	PWM
rs3067_T_C	FOXA2	-3.05293	chr2_165791732_T_C	-0.5131914778772059	PWM
rs10451592_C_T	FOXA2	0.138113	chr2_226731941_C_T	-0.7865844179205064	PWM
rs2178442_C_T	FOXA2	-2.91605	chr4_1284741_C_T	0.6249692707921743	PWM
rs3776702_G_A	FOXA2	-2.08987	chr5_53305419_G_A	-0.5705755948299863	PWM
rs9379122_T_C	FOXA2	3.26183	chr6_7641131_T_C	0.3301882244051947	PWM
rs9262288_A_G	FOXA2	0.113277	chr6_30885639_A_G	-0.4698828457957431	PWM
rs6921948_A_C	FOXA2	5.99121	chr6_31171257_A_C	0.7064194919916282	PWM
rs9263879_G_A	FOXA2	-4.9705	chr6_31171581_G_A	0.39398105252498977	PWM
rs3095245_T_C	FOXA2	0.0586987	chr6_31213902_T_C	0.1261434377466706	PWM
rs9266395_C_T	FOXA2	-5.91124	chr6_31335566_C_T	0.48509018439093776	PWM
rs2442741_T_C	FOXA2	5.91124	chr6_31346079_T_C	-0.46943442605337143	PWM
rs11198811_G_C	FOXA2	-5.77035	chr10_120937283_G_C	-0.146128035678238	PWM
rs12902793_G_A	FOXA2	-3.26183	chr15_90304402_G_A	-0.4973246408079494	PWM
rs2908791_G_A	FOXA2	-0.0482483	chr16_53412208_G_A	-0.5797835966168101	PWM
rs1075439_G_A	FOXA2	0.322684	chr16_53790840_G_A	-0.4850901843909379	PWM
rs10410778_C_A	FOXA2	-6.28875	chr19_33592301_C_A	0.17151969598119787	PWM
rs7586601_A_G	HLF	-0.716061	chr2_27584666_A_G	0.7518223116612945	PWM
rs1647267_A_T	HLF	-1.69711	chr2_27651054_A_T	-0.41877463685096683	PWM
rs11676828_T_G	HLF	5.49458	chr2_43243977_T_G	-0.49048521627764397	PWM
rs6712163_C_T	HLF	8.47175	chr2_43501970_C_T	-0.8325089127062363	PWM
rs71420066_C_T	HLF	-3.94827	chr2_43909137_C_T	0.6532125137753437	PWM
rs3792010_G_A	HLF	0.993759	chr2_44035568_G_A	0.20999592282135632	PWM
rs10865196_G_A	HLF	4.67738	chr2_44189630_G_A	0.47712125471966244	PWM
rs7572693_G_A	HLF	-2.82491	chr2_135190752_G_A	0.43933269383026263	PWM
rs355832_C_T	HLF	1.1363	chr2_165616833_C_T	-0.7791899843921055	PWM
rs6795102_G_A	HLF	0.993759	chr3_185050487_G_A	0.47912723741726104	PWM
rs55875205_T_C	HLF	-0.993759	chr4_1284515_T_C	0.4053894963276471	PWM
rs533076_C_T	HLF	-3.94827	chr6_7058069_C_T	0.5506986232492888	PWM
rs9505048_A_G	HLF	-9.17271	chr6_7146825_A_G	-0.42845753267597597	PWM
rs9505057_T_G	HLF	1.22234	chr6_7171407_T_G	0.7037688872177875	PWM
rs77692640_G_C	HLF	0	chr6_7466972_G_C	-0.23572515310034478	PWM
rs3095303_G_A	HLF	0.993759	chr6_31070078_G_A	0.6709412807357753	PWM
rs2524099_G_A	HLF	-3.89761	chr6_31236051_G_A	-0.7486577885251263	PWM
rs6911024_T_C	HLF	-1.1363	chr6_31368451_T_C	0.3602356215365409	PWM
rs2848712_T_C	HLF	-1.1363	chr6_31384279_T_C	0.5614421404196983	PWM
rs12706822_A_G	HLF	-9.85927	chr7_127553133_A_G	1.109454910054389	PWM
rs7803075_A_G	HLF	-1.1363	chr7_130742066_A_G	-0.4096086090065182	PWM
rs13259182_C_T	HLF	13.6275	chr8_96239947_C_T	0.7668702399739546	PWM
rs12784800_C_T	HLF	5.41136	chr10_81076941_C_T	-0.45131399111337694	PWM
rs7923254_G_C	HLF	1.42592	chr10_114476813_G_C	-0.599337132992489	PWM
rs10898874_A_G	HLF	-1.15701	chr11_72497795_A_G	0.6084001693589814	PWM
rs2336218_C_A	HLF	-5.98024	chr19_45907522_C_A	0.5407903345890397	PWM
rs6031544_C_T	HLF	0	chr20_42982347_C_T	0.5772364076029304	PWM
rs4689042_C_G	MAFG	-8.34778	chr4_6734296_C_G	-0.6879746200345556	PWM
rs4689041_G_A	MAFG	9.13558	chr4_6734288_G_A	-0.729576150824073	PWM
rs11936407_T_C	MAFG	2.86377	chr4_987276_T_C	0.380495258537119	PWM
rs10176316_C_T	YBX1	0	chr2_43199311_C_T	-0.4016093864128365	PWM
rs17831161_A_G	YBX1	3.37438	chr2_160909360_A_G	-0.4906940619089364	PWM
rs12469721_A_T	YBX1	0.621676	chr2_161079411_A_T	-0.6020599913279624	PWM
rs71429200_G_T	YBX1	-0.964745	chr2_227277690_G_T	-0.6667853209646175	PWM
rs266720_C_A	YBX1	3.16152	chr3_186501502_C_A	0.6989700043360189	PWM
rs1818599_G_A	YBX1	0	chr3_187755019_G_A	0.5228787452803376	PWM
rs3132558_C_G	YBX1	0	chr6_31105466_C_G	0.5118833609788744	PWM
rs28362364_T_A	YBX1	2.70405	chr6_31170129_T_A	-0.5484771632553307	PWM
rs61292951_T_C	YBX1	8.09186	chr6_31335703_T_C	0.5755524408482516	PWM
rs45533135_C_T	YBX1	2.57275	chr6_31430951_C_T	-0.8037053548560318	PWM
rs2358158_T_C	YBX1	1.36993	chr7_15054063_T_C	0.6734158998636307	PWM
rs1079047_G_A	YBX1	-1.2683	chr10_71224897_G_A	-0.7323937598229685	PWM
rs2306608_C_T	YBX1	0	chr11_72405868_C_T	-0.7144821705142663	PWM
rs111962068_A_G	YBX1	9.19542	chr16_75019111_A_G	0.5625514500442887	PWM
rs6073353_C_A	YBX1	0	chr20_42794136_C_A	-0.6020599913279624	PWM
rs2235807_T_C	YBX1	-3.06968	chr20_42838128_T_C	-0.6503646709025174	PWM
rs2143607_C_G	YBX1	0	chr20_42838712_C_G	0.5062794834608759	PWM
rs7274289_C_G	YBX1	-7.29999	chr20_42910123_C_G	0.44235914846045055	PWM
rs6031596_A_G	YBX1	-1.57244	chr20_43054871_A_G	0.42100531274073105	PWM
